{
  "cv_scores": [
    0.49802027567449875,
    0.5079804846410021,
    0.5086977559299787,
    0.5134598786484265,
    0.5095847188911429
  ],
  "cv_mean": 0.5075486227570097,
  "cv_std": 0.005126110485389476,
  "train_accuracy": 0.6144311940863069,
  "train_auc": 0.6715656812962089,
  "val_accuracy": 0.6498934139497242,
  "val_auc": 0.7182922473629256,
  "test_accuracy": 0.49829345531315977,
  "test_auc": 0.5003494415246919,
  "test_confusion_matrix": [
    [
      39926,
      45648
    ],
    [
      39903,
      45043
    ]
  ],
  "test_classification_report": {
    "0": {
      "precision": 0.5001440579238121,
      "recall": 0.4665669479047374,
      "f1-score": 0.4827723801865746,
      "support": 85574.0
    },
    "1": {
      "precision": 0.4966644981310163,
      "recall": 0.5302545146328256,
      "f1-score": 0.5129101499114651,
      "support": 84946.0
    },
    "accuracy": 0.49829345531315977,
    "macro avg": {
      "precision": 0.4984042780274142,
      "recall": 0.4984107312687815,
      "f1-score": 0.4978412650490198,
      "support": 170520.0
    },
    "weighted avg": {
      "precision": 0.49841068538007044,
      "recall": 0.49829345531315977,
      "f1-score": 0.4977857685694655,
      "support": 170520.0
    }
  },
  "oot_accuracy": 0.5042458362655406,
  "oot_auc": 0.5071599885411969,
  "oot_confusion_matrix": [
    [
      36813,
      46531
    ],
    [
      38005,
      49171
    ]
  ],
  "oot_classification_report": {
    "0": {
      "precision": 0.4920340025127643,
      "recall": 0.441699462468804,
      "f1-score": 0.4655100466610185,
      "support": 83344.0
    },
    "1": {
      "precision": 0.5137928151971746,
      "recall": 0.5640428558318803,
      "f1-score": 0.5377464757926049,
      "support": 87176.0
    },
    "accuracy": 0.5042458362655406,
    "macro avg": {
      "precision": 0.5029134088549694,
      "recall": 0.5028711591503421,
      "f1-score": 0.5016282612268117,
      "support": 170520.0
    },
    "weighted avg": {
      "precision": 0.5031578956313202,
      "recall": 0.5042458362655406,
      "f1-score": 0.5024399255372511,
      "support": 170520.0
    }
  }
}