{
  "cv_scores": [
    0.15367248694016186,
    0.229014186514822,
    0.18434696622595048,
    0.10749806047005935,
    0.12159810213839516
  ],
  "cv_mean": 0.1592259604578778,
  "cv_std": 0.04387239189729109,
  "train_mse": 0.023030463255716924,
  "train_rmse": 0.1517579100268481,
  "train_mae": 0.09875546805115873,
  "train_r2": 0.20082079272291264,
  "val_mse": 0.012045267797455121,
  "val_rmse": 0.10975093529193782,
  "val_mae": 0.07017594682851958,
  "val_r2": 0.10635271276755343,
  "test_mse": 0.048042828024838315,
  "test_rmse": 0.2191867423564626,
  "test_mae": 0.10701832710177614,
  "test_r2": -0.0649235199252689,
  "oot_mse": 0.01648116045882819,
  "oot_rmse": 0.12837897202746323,
  "oot_mae": 0.07666386398853026,
  "oot_r2": -0.03905566687248019
}