{
  "cv_scores": [
    0.14984506040547266,
    0.23295969945840192,
    0.18515197874578565,
    0.10769916829779362,
    0.12326430010484601
  ],
  "cv_mean": 0.15978404140245997,
  "cv_std": 0.04504113238142967,
  "train_mse": 0.022222628405342837,
  "train_rmse": 0.14907256087336407,
  "train_mae": 0.09729190902586199,
  "train_r2": 0.2288534383611851,
  "val_mse": 0.011655114650167338,
  "val_rmse": 0.10795885628408323,
  "val_mae": 0.06930523571669667,
  "val_r2": 0.13529846204783025,
  "test_mse": 0.04839791578797542,
  "test_rmse": 0.2199952631034937,
  "test_mae": 0.10779674584666778,
  "test_r2": -0.07279444106269373,
  "oot_mse": 0.01695522344441381,
  "oot_rmse": 0.13021222463506954,
  "oot_mae": 0.07742731254460651,
  "oot_r2": -0.06894299385153246
}