{
  "cv_scores": [
    0.5038689637073239,
    0.5051827435806525,
    0.4932009685296569,
    0.5052949857897133,
    0.5110764563089992
  ],
  "cv_mean": 0.5037248235832691,
  "cv_std": 0.005820820309409048,
  "train_accuracy": 0.6643404010755557,
  "train_auc": 0.7365495843324685,
  "val_accuracy": 0.6966158700184439,
  "val_auc": 0.7760428801491646,
  "test_accuracy": 0.49494185330494905,
  "test_auc": 0.4950765696094777,
  "test_confusion_matrix": [
    [
      41344,
      43026
    ],
    [
      43095,
      43052
    ]
  ],
  "test_classification_report": {
    "0": {
      "precision": 0.4896315683511174,
      "recall": 0.49003200189640866,
      "f1-score": 0.48983170328596226,
      "support": 84370.0
    },
    "1": {
      "precision": 0.5001510258137968,
      "recall": 0.4997504265963992,
      "f1-score": 0.49995064595732325,
      "support": 86147.0
    },
    "accuracy": 0.49494185330494905,
    "macro avg": {
      "precision": 0.49489129708245705,
      "recall": 0.4948912142464039,
      "f1-score": 0.4948911746216428,
      "support": 170517.0
    },
    "weighted avg": {
      "precision": 0.49494611002166894,
      "recall": 0.49494185330494905,
      "f1-score": 0.49494390062880633,
      "support": 170517.0
    }
  },
  "oot_accuracy": 0.5046886820668907,
  "oot_auc": 0.5027689185584279,
  "oot_confusion_matrix": [
    [
      37898,
      42867
    ],
    [
      41592,
      48160
    ]
  ],
  "oot_classification_report": {
    "0": {
      "precision": 0.47676437287709145,
      "recall": 0.46923791246208135,
      "f1-score": 0.4729712021465789,
      "support": 80765.0
    },
    "1": {
      "precision": 0.5290737912926934,
      "recall": 0.5365897138782423,
      "f1-score": 0.5328052483972143,
      "support": 89752.0
    },
    "accuracy": 0.5046886820668907,
    "macro avg": {
      "precision": 0.5029190820848924,
      "recall": 0.5029138131701618,
      "f1-score": 0.5028882252718966,
      "support": 170517.0
    },
    "weighted avg": {
      "precision": 0.5042975509275914,
      "recall": 0.5046886820668907,
      "f1-score": 0.5044649846966298,
      "support": 170517.0
    }
  }
}