{
  "cv_scores": [
    0.502741795480042,
    0.5132710300496389,
    0.4999947937110475,
    0.5140122257919884,
    0.5051955204340213
  ],
  "cv_mean": 0.5070430730933476,
  "cv_std": 0.005638248298417749,
  "train_accuracy": 0.6308858126685414,
  "train_auc": 0.692277010950528,
  "val_accuracy": 0.6584730778591305,
  "val_auc": 0.7264890272541688,
  "test_accuracy": 0.5035831574008914,
  "test_auc": 0.5059642096608489,
  "test_confusion_matrix": [
    [
      39069,
      46505
    ],
    [
      38144,
      46802
    ]
  ],
  "test_classification_report": {
    "0": {
      "precision": 0.5059899239765324,
      "recall": 0.4565522238062963,
      "f1-score": 0.48000147431920237,
      "support": 85574.0
    },
    "1": {
      "precision": 0.5015915204647026,
      "recall": 0.5509617874885221,
      "f1-score": 0.5251187918295905,
      "support": 84946.0
    },
    "accuracy": 0.5035831574008914,
    "macro avg": {
      "precision": 0.5037907222206175,
      "recall": 0.5037570056474092,
      "f1-score": 0.5025601330743965,
      "support": 170520.0
    },
    "weighted avg": {
      "precision": 0.5037988215561953,
      "recall": 0.5035831574008914,
      "f1-score": 0.5024770528627012,
      "support": 170520.0
    }
  },
  "oot_accuracy": 0.510016420361248,
  "oot_auc": 0.5122869655587635,
  "oot_confusion_matrix": [
    [
      37573,
      45771
    ],
    [
      37781,
      49395
    ]
  ],
  "oot_classification_report": {
    "0": {
      "precision": 0.49861984765241396,
      "recall": 0.45081829525820694,
      "f1-score": 0.4735157342877667,
      "support": 83344.0
    },
    "1": {
      "precision": 0.5190404135930899,
      "recall": 0.566612370377168,
      "f1-score": 0.5417841199504229,
      "support": 87176.0
    },
    "accuracy": 0.510016420361248,
    "macro avg": {
      "precision": 0.508830130622752,
      "recall": 0.5087153328176874,
      "f1-score": 0.5076499271190948,
      "support": 170520.0
    },
    "weighted avg": {
      "precision": 0.5090595805661154,
      "recall": 0.510016420361248,
      "f1-score": 0.5084170056256022,
      "support": 170520.0
    }
  }
}