{
  "accuracy": 0.5892251232387965,
  "auc": 0.6360955411079701,
  "confusion_matrix": [
    [
      397580,
      444042
    ],
    [
      256422,
      607182
    ]
  ],
  "classification_report": {
    "0": {
      "precision": 0.6079186302182562,
      "recall": 0.4723973470275254,
      "f1-score": 0.5316576893657764,
      "support": 841622.0
    },
    "1": {
      "precision": 0.577595260382183,
      "recall": 0.7030791890727695,
      "f1-score": 0.6341895982302327,
      "support": 863604.0
    },
    "accuracy": 0.5892251232387965,
    "macro avg": {
      "precision": 0.5927569453002196,
      "recall": 0.5877382680501474,
      "f1-score": 0.5829236437980045,
      "support": 1705226.0
    },
    "weighted avg": {
      "precision": 0.5925614966278042,
      "recall": 0.5892251232387965,
      "f1-score": 0.5835845111612334,
      "support": 1705226.0
    }
  },
  "cv_scores": [
    0.5059302070720875,
    0.5044611331963955,
    0.514398017884261,
    0.5131863764997575,
    0.4961012768156172
  ],
  "cv_mean": 0.5068154022936238,
  "cv_std": 0.006621238703618224
}