{
  "cv_scores": [
    0.5018310870896672,
    0.5134647237721632,
    0.5097739343768608,
    0.5173074351699488,
    0.5013384896327141
  ],
  "cv_mean": 0.5087431340082709,
  "cv_std": 0.006313610133984199,
  "train_accuracy": 0.6462213021580132,
  "train_auc": 0.708977023213106,
  "val_accuracy": 0.672248628455983,
  "val_auc": 0.7451096395927523,
  "test_accuracy": 0.5050668543279381,
  "test_auc": 0.5080336032176258,
  "test_confusion_matrix": [
    [
      55515,
      30059
    ],
    [
      54337,
      30609
    ]
  ],
  "test_classification_report": {
    "0": {
      "precision": 0.5053617594581801,
      "recall": 0.6487367658400917,
      "f1-score": 0.568143440483866,
      "support": 85574.0
    },
    "1": {
      "precision": 0.5045328674095075,
      "recall": 0.36033480093235704,
      "f1-score": 0.42041287238864394,
      "support": 84946.0
    },
    "accuracy": 0.5050668543279381,
    "macro avg": {
      "precision": 0.5049473134338438,
      "recall": 0.5045357833862243,
      "f1-score": 0.49427815643625495,
      "support": 170520.0
    },
    "weighted avg": {
      "precision": 0.5049488397774005,
      "recall": 0.5050668543279381,
      "f1-score": 0.49455019137867756,
      "support": 170520.0
    }
  },
  "oot_accuracy": 0.5019411212760967,
  "oot_auc": 0.5095352710655551,
  "oot_confusion_matrix": [
    [
      54641,
      28703
    ],
    [
      56226,
      30950
    ]
  ],
  "oot_classification_report": {
    "0": {
      "precision": 0.49285179539448165,
      "recall": 0.6556080821654828,
      "f1-score": 0.5626972725540778,
      "support": 83344.0
    },
    "1": {
      "precision": 0.518833922853838,
      "recall": 0.3550289070386345,
      "f1-score": 0.42157884341649127,
      "support": 87176.0
    },
    "accuracy": 0.5019411212760967,
    "macro avg": {
      "precision": 0.5058428591241598,
      "recall": 0.5053184946020587,
      "f1-score": 0.49213805798528454,
      "support": 170520.0
    },
    "weighted avg": {
      "precision": 0.5061347999886457,
      "recall": 0.5019411212760967,
      "f1-score": 0.49055242046342423,
      "support": 170520.0
    }
  }
}