{
  "cv_scores": [
    0.1022510070969012,
    0.10249095204690739,
    0.24901624630751212
  ],
  "cv_mean": 0.15125273515044024,
  "cv_std": 0.06912931109504829,
  "train_mse": 0.006734373181876528,
  "train_rmse": 0.08206322673327272,
  "train_mae": 0.04305654741769402,
  "train_r2": 0.15975407633804217,
  "val_mse": 0.018873910795090286,
  "val_rmse": 0.13738235256061926,
  "val_mae": 0.06889088875627722,
  "val_r2": 0.5189846451867103,
  "test_mse": 0.008817421210783006,
  "test_rmse": 0.09390112465132143,
  "test_mae": 0.054679967989450705,
  "test_r2": -0.09775296963836011,
  "oot_mse": 0.0069768345737338255,
  "oot_rmse": 0.0835274480259862,
  "oot_mae": 0.04785287864669523,
  "oot_r2": -0.14099575074297976,
  "selected_features": [
    "open",
    "high",
    "low",
    "volume",
    "is_backfilled",
    "has_original_prev_30_to_60min",
    "has_original_prev_30_to_360min",
    "return_1",
    "return_5",
    "return_10",
    "return_30",
    "return_60",
    "rsi_14",
    "rsi_20",
    "macd",
    "macd_signal",
    "macd_histogram",
    "bb_upper",
    "bb_middle",
    "bb_lower",
    "bb_width",
    "bb_position",
    "sma_7",
    "sma_14",
    "sma_21",
    "sma_50",
    "ema_7",
    "ema_14",
    "ema_21",
    "atr_14",
    "adx_14",
    "momentum_5",
    "momentum_10",
    "momentum_20",
    "roc_5",
    "roc_10",
    "volatility_20",
    "volatility_50",
    "hl_range",
    "hl_range_pct",
    "hl_range_ma20",
    "spread_proxy",
    "spread_pct",
    "volume_ma20",
    "volume_ma50",
    "volume_ratio",
    "volume_zscore",
    "price_impact",
    "price_impact_ma20",
    "order_flow_imbalance",
    "illiquidity",
    "illiquidity_ma20",
    "vwap",
    "close_vwap_ratio",
    "volume_velocity",
    "volume_acceleration",
    "hist_vol_20",
    "hist_vol_50",
    "gk_vol",
    "parkinson_vol",
    "rs_vol",
    "yz_vol",
    "vol_of_vol",
    "vol_regime_low",
    "vol_regime_high",
    "realized_range",
    "realized_range_ma",
    "ewma_vol"
  ],
  "selected_feature_group": "all"
}