{
  "selected_model": "lightgbm",
  "test_rmse": 0.17522988122897562,
  "test_mae": 0.06938865989232916,
  "oot_rmse": 0.10764757588817357,
  "oot_mae": 0.05343865375631515,
  "model_path": "/models/production/best_model_lightgbm.pkl"
}