{
  "selected_lag": 2,
  "train_rmse_t30": 0.1447681228001072,
  "train_mae_t30": 0.07393218620166074,
  "val_rmse_t30": 0.09579051060138571,
  "val_mae_t30": 0.04906159774353296,
  "test_rmse_t30": 0.17769480594424772,
  "test_mae_t30": 0.07088152475189868,
  "oot_rmse_t30": 0.11184913316149901,
  "oot_mae_t30": 0.055899566365349394,
  "model_rsquared": 0.9333984204099295,
  "model_rsquared_adj": 0.9333983252668545,
  "mlflow_run_id": "30a1785c7d8a48b0977c71dab087794e",
  "feature_names": [
    "const",
    "return_30",
    "return_30_lag1",
    "return_30_lag2"
  ],
  "tuning_results": {},
  "n_effective_samples": 2625062,
  "n_features": 4,
  "horizon_steps": 30
}