{
  "selected_lag": 2,
  "train_rmse_t30": 0.09337366871081218,
  "train_mae_t30": 0.04794280194590007,
  "val_rmse_t30": 0.20895395407884318,
  "val_mae_t30": 0.08996036891054868,
  "test_rmse_t30": 0.09446250757328085,
  "test_mae_t30": 0.05089024107095362,
  "oot_rmse_t30": 0.08131825751268999,
  "oot_mae_t30": 0.042410705035360104,
  "model_rsquared": 0.9321068144666045,
  "model_rsquared_adj": 0.9321065716579471,
  "mlflow_run_id": "7fe2994c35f74855bf807ec2611b4cda",
  "feature_names": [
    "const",
    "return_30",
    "return_30_lag1",
    "return_30_lag2"
  ],
  "tuning_results": {},
  "n_effective_samples": 1048565,
  "n_features": 4,
  "horizon_steps": 30
}