{
  "cv_scores": [
    0.12856981642291254,
    0.1902515773134801,
    0.145327392130433,
    0.08579282785310179,
    0.09900689594894706
  ],
  "cv_mean": 0.1297897019337749,
  "cv_std": 0.03682893532240132,
  "train_mse": 0.01539166650739555,
  "train_rmse": 0.12406315531774754,
  "train_mae": 0.06578257739733566,
  "train_r2": 0.18872351645637897,
  "val_mse": 0.00739890477808911,
  "val_rmse": 0.08601688658681567,
  "val_mae": 0.0448825441240605,
  "val_r2": 0.11446794334890042,
  "test_mse": 0.030494501980556876,
  "test_rmse": 0.1746267504724201,
  "test_mae": 0.06996168662535225,
  "test_r2": -0.07294531078768896,
  "oot_mse": 0.011738694179704781,
  "oot_rmse": 0.10834525453246571,
  "oot_mae": 0.054030762297118735,
  "oot_r2": -0.045879452621170325
}