{
  "cv_scores": [
    0.13266017439127153,
    0.09040026793723442,
    0.1203182936702212,
    0.11985511498711054,
    0.23875123431018186
  ],
  "cv_mean": 0.1403970170592039,
  "cv_std": 0.0511042279698203,
  "train_mse": 0.006938624796738798,
  "train_rmse": 0.08329840812847986,
  "train_mae": 0.043559653691539614,
  "train_r2": 0.13426965749840014,
  "val_mse": 0.019821342012363075,
  "val_rmse": 0.1407882879090554,
  "val_mae": 0.07077152104576932,
  "val_r2": 0.49483867098531653,
  "test_mse": 0.008416753572982444,
  "test_rmse": 0.09174286660543393,
  "test_mae": 0.05001173904313,
  "test_r2": -0.04787057446643894,
  "oot_mse": 0.006828940142915078,
  "oot_rmse": 0.082637401598278,
  "oot_mae": 0.043690138018641196,
  "oot_r2": -0.11680900597508215
}