{
  "cv_scores": [
    0.12209085912287149,
    0.19062441472603034,
    0.1436994410145629,
    0.08571100277683495,
    0.09859054482608086
  ],
  "cv_mean": 0.12814325249327613,
  "cv_std": 0.0370307451916291,
  "train_mse": 0.015754145670527724,
  "train_rmse": 0.12551551964011354,
  "train_mae": 0.06604410493151833,
  "train_r2": 0.16951260606990237,
  "val_mse": 0.007525381803357482,
  "val_rmse": 0.08674895851454058,
  "val_mae": 0.044899072399703636,
  "val_r2": 0.0990626000552568,
  "test_mse": 0.030705511275520906,
  "test_rmse": 0.17522988122897562,
  "test_mae": 0.06938865989232916,
  "test_r2": -0.07859790178180504,
  "oot_mse": 0.011588000594600089,
  "oot_rmse": 0.10764757588817357,
  "oot_mae": 0.05343865375631515,
  "oot_r2": -0.036353156018403165
}