{
  "cv_scores": [
    0.12308296267828799,
    0.19135572174505033,
    0.14480315891003342,
    0.08598887685633219,
    0.09776423363697273
  ],
  "cv_mean": 0.12859899076533535,
  "cv_std": 0.037410728324592656,
  "train_mse": 0.015000493662503252,
  "train_rmse": 0.1224765024913075,
  "train_mae": 0.0651750555518598,
  "train_r2": 0.20924173547901648,
  "val_mse": 0.007440681346565713,
  "val_rmse": 0.08625938410727098,
  "val_mae": 0.044894466466625774,
  "val_r2": 0.1092029240029484,
  "test_mse": 0.030527864436109876,
  "test_rmse": 0.17472224940204345,
  "test_mae": 0.06919174018592299,
  "test_r2": -0.0723576699704016,
  "oot_mse": 0.011582977514825107,
  "oot_rmse": 0.10762424222648495,
  "oot_mae": 0.05342975099571865,
  "oot_r2": -0.035903925408235615
}