{
  "cv_scores": [
    0.11398710281556773,
    0.0875492544903941,
    0.10170438067902542
  ],
  "cv_mean": 0.10108024599499575,
  "cv_std": 0.010802225514342812,
  "train_mse": 0.015166525802643677,
  "train_rmse": 0.123152449438262,
  "train_mae": 0.06525950775173567,
  "train_r2": 0.2004892710637728,
  "val_mse": 0.007279978978145753,
  "val_rmse": 0.08532279284075125,
  "val_mae": 0.044402901175488216,
  "val_r2": 0.128442183585053,
  "test_mse": 0.031219212852154083,
  "test_rmse": 0.17668959463464193,
  "test_mae": 0.0698288528504184,
  "test_r2": -0.09664278752647815,
  "oot_mse": 0.012052819034581047,
  "oot_rmse": 0.10978533160026911,
  "oot_mae": 0.05425102412175993,
  "oot_r2": -0.07236725232384589,
  "selected_features": [
    "open",
    "high",
    "low",
    "volume",
    "is_backfilled",
    "has_original_prev_30_to_60min",
    "has_original_prev_30_to_360min",
    "return_1",
    "return_5",
    "return_10",
    "return_30",
    "return_60",
    "return_90",
    "return_120",
    "return_150",
    "return_180",
    "return_210",
    "return_240",
    "return_270",
    "return_360",
    "rsi_14",
    "rsi_20",
    "macd",
    "macd_signal",
    "macd_histogram",
    "bb_upper",
    "bb_middle",
    "bb_lower",
    "bb_width",
    "bb_position",
    "sma_7",
    "sma_14",
    "sma_21",
    "sma_50",
    "ema_7",
    "ema_14",
    "ema_21",
    "atr_14",
    "adx_14",
    "momentum_5",
    "momentum_10",
    "momentum_20",
    "roc_5",
    "roc_10",
    "volatility_20",
    "volatility_50",
    "hl_range",
    "hl_range_pct",
    "hl_range_ma20",
    "spread_proxy",
    "spread_pct",
    "volume_ma20",
    "volume_ma50",
    "volume_ratio",
    "volume_zscore",
    "price_impact",
    "price_impact_ma20",
    "order_flow_imbalance",
    "illiquidity",
    "illiquidity_ma20",
    "vwap",
    "close_vwap_ratio",
    "volume_velocity",
    "volume_acceleration",
    "hist_vol_20",
    "hist_vol_50",
    "gk_vol",
    "parkinson_vol",
    "rs_vol",
    "yz_vol",
    "vol_of_vol",
    "vol_regime_low",
    "vol_regime_high",
    "realized_range",
    "realized_range_ma",
    "ewma_vol"
  ],
  "selected_feature_group": "all"
}