{
  "cv_scores": [
    0.10815767831920381,
    0.08698288338339134,
    0.09751346587474567
  ],
  "cv_mean": 0.09755134252578028,
  "cv_std": 0.008644615322999148,
  "train_mse": 0.018942902407240822,
  "train_rmse": 0.13763321694722108,
  "train_mae": 0.06953294643541352,
  "train_r2": 0.0014158475417406224,
  "val_mse": 0.008338072238609811,
  "val_rmse": 0.09131304528165628,
  "val_mae": 0.046232297507557675,
  "val_r2": 0.0017708251942839537,
  "test_mse": 0.028517572783788827,
  "test_rmse": 0.16887146823483482,
  "test_mae": 0.06707688631949946,
  "test_r2": -0.0018262948352689712,
  "oot_mse": 0.011249787212618923,
  "oot_rmse": 0.1060650140839048,
  "oot_mae": 0.052567337950589904,
  "oot_r2": -0.000703233786654156,
  "selected_features": [
    "rs_vol",
    "volume_ma50",
    "yz_vol",
    "gk_vol",
    "volatility_50",
    "return_90",
    "hist_vol_50",
    "volatility_20",
    "news_signal_strength",
    "volume",
    "realized_range_ma"
  ],
  "selected_feature_group": "70\u201390%"
}