{
  "cv_scores": [
    0.10827941295843259,
    0.087007540339236,
    0.09752362842495786
  ],
  "cv_mean": 0.0976035272408755,
  "cv_std": 0.00868438940657009,
  "train_mse": 0.0189436049526166,
  "train_rmse": 0.13763576916127798,
  "train_mae": 0.06956206442162885,
  "train_r2": 0.001378720385232346,
  "val_mse": 0.00833783292149613,
  "val_rmse": 0.09131173485098248,
  "val_mae": 0.046260321822388734,
  "val_r2": 0.0017960935729595118,
  "test_mse": 0.028506182198847763,
  "test_rmse": 0.16883773926124385,
  "test_mae": 0.0670923631161999,
  "test_r2": -0.0013416820060889734,
  "oot_mse": 0.011195111191318587,
  "oot_rmse": 0.10580695247155825,
  "oot_mae": 0.05217533422005943,
  "oot_r2": -0.0012157593870367744,
  "selected_features": [
    "rs_vol",
    "gk_vol",
    "news_neutral_prob"
  ],
  "selected_feature_group": "30\u201340%"
}