{
  "cv_scores": [
    0.4959977388363071,
    0.5100013460984841,
    0.5089078999630099,
    0.5119812786452062,
    0.5130037819943017
  ],
  "cv_mean": 0.5079784091074618,
  "cv_std": 0.006160682180640579,
  "train_accuracy": 0.5964352073125556,
  "train_auc": 0.6446650844361798,
  "val_accuracy": 0.6193104014496875,
  "val_auc": 0.6767310400742239,
  "test_accuracy": 0.4985573539760732,
  "test_auc": 0.499364574204086,
  "test_confusion_matrix": [
    [
      37149,
      48425
    ],
    [
      37081,
      47865
    ]
  ],
  "test_classification_report": {
    "0": {
      "precision": 0.5004580358345683,
      "recall": 0.43411550237221586,
      "f1-score": 0.46493204175114516,
      "support": 85574.0
    },
    "1": {
      "precision": 0.4970921175615329,
      "recall": 0.5634756198055235,
      "f1-score": 0.528206316625836,
      "support": 84946.0
    },
    "accuracy": 0.4985573539760732,
    "macro avg": {
      "precision": 0.49877507669805055,
      "recall": 0.4987955610888697,
      "f1-score": 0.49656917918849053,
      "support": 170520.0
    },
    "weighted avg": {
      "precision": 0.4987812747882319,
      "recall": 0.4985573539760732,
      "f1-score": 0.4964526642793265,
      "support": 170520.0
    }
  },
  "oot_accuracy": 0.4977891156462585,
  "oot_auc": 0.49625388193038644,
  "oot_confusion_matrix": [
    [
      36355,
      46989
    ],
    [
      38648,
      48528
    ]
  ],
  "oot_classification_report": {
    "0": {
      "precision": 0.4847139447755423,
      "recall": 0.4362041658667691,
      "f1-score": 0.4591814180249705,
      "support": 83344.0
    },
    "1": {
      "precision": 0.5080561575426364,
      "recall": 0.5566669725612554,
      "f1-score": 0.5312518815718172,
      "support": 87176.0
    },
    "accuracy": 0.4977891156462585,
    "macro avg": {
      "precision": 0.4963850511590894,
      "recall": 0.4964355692140122,
      "f1-score": 0.49521664979839386,
      "support": 170520.0
    },
    "weighted avg": {
      "precision": 0.49664732936494066,
      "recall": 0.4977891156462585,
      "f1-score": 0.49602644928323886,
      "support": 170520.0
    }
  }
}