{
  "cv_scores": [
    0.16178929204495932,
    0.2308677154233555,
    0.18320947868096446,
    0.10722201865094762,
    0.12782140370075495
  ],
  "cv_mean": 0.16218198170019638,
  "cv_std": 0.043269589113743026,
  "train_mse": 0.023877611018033852,
  "train_rmse": 0.15452382022857789,
  "train_mae": 0.09956221150945029,
  "train_r2": 0.1714239512604666,
  "val_mse": 0.012028995022629345,
  "val_rmse": 0.10967677521986752,
  "val_mae": 0.07003178864309699,
  "val_r2": 0.10756000191407389,
  "test_mse": 0.04845382763344367,
  "test_rmse": 0.22012230153585907,
  "test_mae": 0.10797987687416019,
  "test_r2": -0.07403379023778345,
  "oot_mse": 0.017030864776734773,
  "oot_rmse": 0.1305023554451596,
  "oot_mae": 0.07741834874450591,
  "oot_r2": -0.07371180580468506
}